Linha,Linha nome,Itinerário,Sentido
1,SERTAO DO CAMPO / PASSAGEM DO MACIAMBU,ITI IDA - SERTÃO / PASSAGEM,PC1
1,SERTAO DO CAMPO / PASSAGEM DO MACIAMBU,ITI IDA - TRÊS BARRAS / PASSAG,PC1
1,SERTAO DO CAMPO / PASSAGEM DO MACIAMBU,ITI VOLTA - COLEGIO DO,PC2
1,SERTAO DO CAMPO / PASSAGEM DO MACIAMBU,ITI VOLTA - COLEGIO MORRETES,PC2
1,SERTAO DO CAMPO / PASSAGEM DO MACIAMBU,ITI VOLTA - PASSAG / MAC PEQ,PC2
1,SERTAO DO CAMPO / PASSAGEM DO MACIAMBU,ITI VOLTA - PASSAG MAC /,PC2
2,PASSAGEM MACIAMBU / RINCÃO VIA PINHEIRA/GUARDA,ITI IDA - PASSAG MACIAMBU /,PC1
2,PASSAGEM MACIAMBU / RINCÃO VIA PINHEIRA/GUARDA,ITI VOLTA - COLÉGIO PINHEIRA /,PC2
5,RINCAO / COLEGIO MORRETES,ITI VOLTA - COLÉGIO MORRETES,PC2
9,ARIRIU FORMIGA / COLEGIO ENSEADA,ITI IDA - ARIRIU FORMIGA /,PC1
9,ARIRIU FORMIGA / COLEGIO ENSEADA,ITI IDA - PONTAL / COLÉGIO,PC1
9,ARIRIU FORMIGA / COLEGIO ENSEADA,ITI VOLTA - COLÉGIO ENSEADA /,PC2
11,MACIAMBU PEQUENO / MORRETES,ITI IDA - VIAD. MACIAMBU / COL,PC1
11,MACIAMBU PEQUENO / MORRETES,ITI IDA - VIAD. MACIAMBU / COL.,PC1
11,MACIAMBU PEQUENO / MORRETES,ITI VOLTA - COL PINHEIRA / MAC,PC2
11,MACIAMBU PEQUENO / MORRETES,ITI VOLTA - COL. MORRETES /,PC2
12,VIADUTODOFURADINHO/VIADUTODOMACIAMBU,ITI IDA - ARIRIU FORMIGA /,PC1
12,VIADUTODOFURADINHO/VIADUTODOMACIAMBU,ITI IDA - VIAD FURADINHO /,PC1
12,VIADUTODOFURADINHO/VIADUTODOMACIAMBU,ITI IDA - VIAD FURADINHO / COL,PC1
12,VIADUTODOFURADINHO/VIADUTODOMACIAMBU,ITI VOLTA - COL PINHEIRA /,PC2
12,VIADUTODOFURADINHO/VIADUTODOMACIAMBU,ITI VOLTA - COL PINHEIRA / COL,PC2
12,VIADUTODOFURADINHO/VIADUTODOMACIAMBU,ITI VOLTA - RINCÃO / VIADUTO,PC2
13,ENSEADADOBRITO/ PONTE DO IMARUIM,ITI - VOLTA - PONTE DO,PC2
13,ENSEADADOBRITO/ PONTE DO IMARUIM,ITI IDA - ENSEADA / PONTE DO,PC1
13,ENSEADADOBRITO/ PONTE DO IMARUIM,ITI IDA - ENSEADA/PONTE DO,PC1
13,ENSEADADOBRITO/ PONTE DO IMARUIM,ITI IDA - ENSEDA / PONTE DO,PC1
13,ENSEADADOBRITO/ PONTE DO IMARUIM,ITI VOLTA - COLÉGIO CLAUDETE,PC2
13,ENSEADADOBRITO/ PONTE DO IMARUIM,ITI VOLTA - PONTE DO,PC2
13,ENSEADADOBRITO/ PONTE DO IMARUIM,ITI VOLTA - PONTE DO IMARUIM,PC2
101,BELA VISTA / PASSA VINTE (INTERBAIRROS),ITI IDA - A.ARIRIU / P.VINTE VIA,PC1
101,BELA VISTA / PASSA VINTE (INTERBAIRROS),ITI IDA - ALTO ARIRIU / CID,PC1
101,BELA VISTA / PASSA VINTE (INTERBAIRROS),ITI IDA - ALTO ARIRIU / PASSA,PC1
101,BELA VISTA / PASSA VINTE (INTERBAIRROS),ITI IDA - SHOP CATARINA / DOM,PC1
101,BELA VISTA / PASSA VINTE (INTERBAIRROS),ITI IDA - TERRA NOVA / COL,PC1
101,BELA VISTA / PASSA VINTE (INTERBAIRROS),ITI VOLTA - CID UNIV / UPA VIA,PC2
101,BELA VISTA / PASSA VINTE (INTERBAIRROS),ITI VOLTA - COL GRUTA /,PC2
101,BELA VISTA / PASSA VINTE (INTERBAIRROS),ITI VOLTA - COL MILITAR / SHOP,PC2
101,BELA VISTA / PASSA VINTE (INTERBAIRROS),ITI VOLTA - COLÉG GRUTA / T.,PC2
101,BELA VISTA / PASSA VINTE (INTERBAIRROS),ITI VOLTA - COLÉG TERRA NOVA,PC2
101,BELA VISTA / PASSA VINTE (INTERBAIRROS),ITI VOLTA - D.JAIME / COL,PC2
101,BELA VISTA / PASSA VINTE (INTERBAIRROS),ITI VOLTA - PASSA VINTE / UPA,PC2
101,BELA VISTA / PASSA VINTE (INTERBAIRROS),ITI VOLTA - SENAI / B/VISTA,PC2
213,BARRA / PALHOÇA - PONTE DO IAMRUIM VIA RIO GRANDE,ITI IDA - BARRA / PALHOÇA,PC1
213,BARRA / PALHOÇA - PONTE DO IAMRUIM VIA RIO GRANDE,ITI IDA - BARRA / PONTE DO,PC1
213,BARRA / PALHOÇA - PONTE DO IAMRUIM VIA RIO GRANDE,ITI VOLTA - COL CLAUDETE /,PC2
213,BARRA / PALHOÇA - PONTE DO IAMRUIM VIA RIO GRANDE,ITI VOLTA - PALHOÇA (CAIXA,PC2
213,BARRA / PALHOÇA - PONTE DO IAMRUIM VIA RIO GRANDE,ITI VOLTA - PALHOÇA / BARRA,PC2
213,BARRA / PALHOÇA - PONTE DO IAMRUIM VIA RIO GRANDE,ITI VOLTA - PONTE DO IMARUIM,PC2
222,BARRA / PONTE IMARUIM VIA PACHECOS/ELZA LUCHI,ITI IDA - BARRA / PONTE DO,PC1
223,BARRA / PALHOÇA - PONTE DO IMARUIM VIA PACHECOS,ITI IDA - BARRA / COLÉGIO,PC1
223,BARRA / PALHOÇA - PONTE DO IMARUIM VIA PACHECOS,ITI IDA - BARRA / PALHOÇA,PC1
223,BARRA / PALHOÇA - PONTE DO IMARUIM VIA PACHECOS,ITI IDA - BARRA / PONTE DO,PC1
223,BARRA / PALHOÇA - PONTE DO IMARUIM VIA PACHECOS,ITI IDA - ENT PACHECOS /,PC1
223,BARRA / PALHOÇA - PONTE DO IMARUIM VIA PACHECOS,ITI IDA - ENT PACHECOS / P.,PC1
223,BARRA / PALHOÇA - PONTE DO IMARUIM VIA PACHECOS,ITI IDA - ENT PCH / PALHOÇA,PC1
223,BARRA / PALHOÇA - PONTE DO IMARUIM VIA PACHECOS,ITI IDA - PACHECOS (DIRETO DO,PC1
223,BARRA / PALHOÇA - PONTE DO IMARUIM VIA PACHECOS,ITI VOLTA - COLÉGIO CLAUDETE,PC2
223,BARRA / PALHOÇA - PONTE DO IMARUIM VIA PACHECOS,ITI VOLTA - ESCOLA MUNIC PH /,PC2
223,BARRA / PALHOÇA - PONTE DO IMARUIM VIA PACHECOS,ITI VOLTA - PALHOÇA (CAIXA,PC2
223,BARRA / PALHOÇA - PONTE DO IMARUIM VIA PACHECOS,ITI VOLTA - PONTE DO,PC2
230,PALHOCA / CEASA VIA MARGINAL BR 101,ITI VOLTA - CEASA / PALHOÇA,PC2
233,BARRA / CID UNIVERSITÁRIA - IFSC VIA RIO GRANDE,ITI IDA - BARRA / CID UNIV VIA,PC1
233,BARRA / CID UNIVERSITÁRIA - IFSC VIA RIO GRANDE,ITI IDA - PEDREGAL / IFSC VIA P.,PC1
233,BARRA / CID UNIVERSITÁRIA - IFSC VIA RIO GRANDE,ITI VOLTA - CID UNIV / BARRA,PC2
240,SÃO SEB / FPOLIS VIA P.VINTE/P.IMARUIM/I.SILVEIRA,ITI VOLTA - FLORIANÓPOLIS /,PC2
242,SÃO SEB / FPOLIS VIA P.VINTE/AV TORRES/BR/HOSP/I.S,ITI IDA - SAO SEB / FPOLIS VIA,PC1
242,SÃO SEB / FPOLIS VIA P.VINTE/AV TORRES/BR/HOSP/I.S,ITI VOLTA - FPOLIS / SÃO SEB,PC2
243,PALHOÇA / SHOP CONT VIA P.IMARUIM/BR101/VIAD,ITI IDA - PALHOÇA / SHOP,PC1
244,MADRI / FPOLIS VIA PAGANI/BR 101/EXPRESSA/IVO SILV,ITI IDA - IGREJA EVANG / FPOLIS,PC1
245,SÃO SEBASTIÃO / SÃO JOSÉ VIA P.VINTE/P.IMARUIM,ITI IDA - SÃO SEBASTIÃO / SHP,PC1
246,SÃO SEB / FPOLIS VIA MADRI/P.IMARUIM/IVO SILVEIRA,ITI IDA - SÃO SEBASTIÃO /,PC1
246,SÃO SEB / FPOLIS VIA MADRI/P.IMARUIM/IVO SILVEIRA,ITI VOLTA - FPOLIS / SÃO,PC2
247,I.EVANG / FPOLIS VIA PV/MARG/AV TORRES/EXP/I.SILV,ITI IDA - IGREJA EVANG / FPOLIS,PC1
247,I.EVANG / FPOLIS VIA PV/MARG/AV TORRES/EXP/I.SILV,ITI VOLTA - FPOLIS / SÃO,PC2
248,SÃO SEB / FPOLIS VIA MADRI/AV TORRES/BR/EXP/I.SILV,ITI IDA - SÃO SEB / FPOLIS VIA,PC1
248,SÃO SEB / FPOLIS VIA MADRI/AV TORRES/BR/EXP/I.SILV,ITI VOLTA - FPOLIS / SÃO SEB,PC2
0249,S.SEB / FPOLIS VIA MADRI/AV TORRES/BR/HR/I.SILV,ITI IDA - I.EVANGE / FPOLIS VIA,PC1
0249,S.SEB / FPOLIS VIA MADRI/AV TORRES/BR/HR/I.SILV,ITI IDA - SÃO SEB / FPOLIS VIA,PC1
0249,S.SEB / FPOLIS VIA MADRI/AV TORRES/BR/HR/I.SILV,ITI VOLTA - FPOLIS / SAO SEB,PC2
250,J.ELDORADO / FPOLIS VIA FAZENDA/SÃO JOSÉ/IVO SILV,ITI - IDA - ENT ELD / FPOLIS VIA,PC1
253,BARRA / CID UNIVERSITÁRIA - IFSC VIA PACHECOS,ITI IDA - ENTRADA PACHECOS /,PC1
253,BARRA / CID UNIVERSITÁRIA - IFSC VIA PACHECOS,ITI VOLTA - CID UNIV / BARRA,PC2
260,FLORIANÓPOLIS / ÁREA INDUSTRIAL,ITI IDA - FLORIANÓPOLIS / ÁREA,PC1
263,VILA NOVA / PALHOÇA - PONTE DO IMARUIM VIA MÍRIAM,ITI IDA - VILA NOVA / PONTE DO,PC1
263,VILA NOVA / PALHOÇA - PONTE DO IMARUIM VIA MÍRIAM,ITI VOLTA - PALHOÇA / VILA,PC2
270,BARRA DO ARIRIU/ BARREIROS,ITI IDA - BARRA DO ARIRIU /,PC1
280,PORTAL DA BARRA / PALHOÇA - P.IMARUIM VIA R.GRANDE,ITI IDA - DIR CAMPO / PALHOÇA,PC1
280,PORTAL DA BARRA / PALHOÇA - P.IMARUIM VIA R.GRANDE,ITI IDA - ESCOLA MUNIC /,PC1
280,PORTAL DA BARRA / PALHOÇA - P.IMARUIM VIA R.GRANDE,ITI IDA - PEDREGAL / PALHOÇA,PC1
280,PORTAL DA BARRA / PALHOÇA - P.IMARUIM VIA R.GRANDE,ITI IDA - PORTAL / PONTE DO,PC1
280,PORTAL DA BARRA / PALHOÇA - P.IMARUIM VIA R.GRANDE,ITI IDA - PORTAL DA BARRA /,PC1
280,PORTAL DA BARRA / PALHOÇA - P.IMARUIM VIA R.GRANDE,ITI VOLTA - ESCOLA MUNICIPAL /,PC2
280,PORTAL DA BARRA / PALHOÇA - P.IMARUIM VIA R.GRANDE,ITI VOLTA - PALHOÇA - PORTAL,PC2
280,PORTAL DA BARRA / PALHOÇA - P.IMARUIM VIA R.GRANDE,ITI VOLTA - PALHOÇA / PORTAL,PC2
280,PORTAL DA BARRA / PALHOÇA - P.IMARUIM VIA R.GRANDE,ITI VOLTA - PONTE DO IMARUIM,PC2
280,T.NOVA / FPOLIS VIA C.NOVO/PH/MARG BR 101/VIA EXP,ITI VOLTA - FPOLIS / TERRA,PC2
281,PORTAL DA BARRA / PALHOÇA - P.IMARUIM VIA PACHECOS,ITI IDA - PORTAL / P. IMARUIM,PC1
281,PORTAL DA BARRA / PALHOÇA - P.IMARUIM VIA PACHECOS,ITI IDA - PORTAL DA BARRA /,PC1
281,PORTAL DA BARRA / PALHOÇA - P.IMARUIM VIA PACHECOS,ITI VOLTA - ESCOLA MUNICIPAL,PC2
281,PORTAL DA BARRA / PALHOÇA - P.IMARUIM VIA PACHECOS,ITI VOLTA - ESCOLA MUNICIPAL /,PC2
281,PORTAL DA BARRA / PALHOÇA - P.IMARUIM VIA PACHECOS,ITI VOLTA - P. IMARUIM /,PC2
281,PORTAL DA BARRA / PALHOÇA - P.IMARUIM VIA PACHECOS,ITI VOLTA - PALHOÇA / PORTAL,PC2
284,T.NOVA / FPOLIS VIA C.NOVO/PALHOÇA/P.IMAR/IVO SILV,ITI IDA - T.NOVA / FPOLIS VIA C.,PC1
285,T.NOVA / FPOLIS VIA T.BELA /BR101/VIA EXP/IVO SILV,ITI IDA - RÓTULA PENITENCIÁRIA,PC1
285,T.NOVA / FPOLIS VIA T.BELA /BR101/VIA EXP/IVO SILV,ITI IDA - TERRA NOVA / FPOLIS,PC1
286,TERRA NOVA / FPOLIS - EXECUTIVO,ITI IDA - TERRA NOVA / FPOLIS,PC1
286,TERRA NOVA / FPOLIS - EXECUTIVO,ITI VOLTA - FPOLIS / TERRA,PC2
287,T.NOVA / FPOLIS VIA C.NOVO/P.IMARUIM/IVO SILVEIRA,ITI IDA - TERRA NOVA /,PC1
287,T.NOVA / FPOLIS VIA C.NOVO/P.IMARUIM/IVO SILVEIRA,ITI VOLTA - FPOLIS / TERRA,PC2
288,T.NOVA / FPOLIS VIA C.NOVO/BR 101/EXP/IVO SILVEIRA,ITI IDA - TERRA NOVA / FPOLIS,PC1
288,T.NOVA / FPOLIS VIA C.NOVO/BR 101/EXP/IVO SILVEIRA,ITI VOLTA - FPOLIS / T. NOVA,PC2
0289,T.NOVA / FPOLIS VIA C.NOVO/BR/HOSP REG/IVO SILV,ITI IDA - TERRA NOVA /,PC1
302,FORMIGA / P.IMARUIM VIA GUARDA/ARIRIU/ELZA LUCHI,ITI IDA - ARIRIU FORMIGA /,PC1
303,FORMIGA / PALHOÇA (PRAÇA) VIA GUARDA/ARIRIU,ITI IDA - ARIRIU FORMIGA /,PC1
303,FORMIGA / PALHOÇA (PRAÇA) VIA GUARDA/ARIRIU,ITI VOLTA - PALHOÇA / ARIRIU,PC2
311,JOMAR / PALHOCA (PRACA) VIA GUARDA /ARIRIU,ITI IDA - JOMAR / PALHOCA,PC1
311,JOMAR / PALHOCA (PRACA) VIA GUARDA /ARIRIU,ITI IDA - JOMAR /ENTRADA DA,PC1
311,JOMAR / PALHOCA (PRACA) VIA GUARDA /ARIRIU,ITI IDA JOMAR / GUARDA (POSTO,PC1
311,JOMAR / PALHOCA (PRACA) VIA GUARDA /ARIRIU,ITI VOLTA - ENTRADA DA,PC2
311,JOMAR / PALHOCA (PRACA) VIA GUARDA /ARIRIU,ITI VOLTA - PALHOCA (CAIXA,PC2
311,JOMAR / PALHOCA (PRACA) VIA GUARDA /ARIRIU,ITI VOLTA - PALHOCA / JOMAR,PC2
311,JOMAR / PALHOCA (PRACA) VIA GUARDA /ARIRIU,ITI VOLTA - POSTO DE SAÚDE,PC2
323,GUARDA / PALHOÇA (PRAÇA) VIA FORMIGA,ITI IDA - GUARDA / PALHOÇA,PC1
323,GUARDA / PALHOÇA (PRAÇA) VIA FORMIGA,ITI VOLTA - PALHOÇA (CAIXA,PC2
333,GUARDA / PALHOÇA (PRAÇA) VIA ARIRIU,ITI IDA - GUARDA / PALHOÇA,PC1
333,GUARDA / PALHOÇA (PRAÇA) VIA ARIRIU,ITI VOLTA - PALHOÇA (CAIXA,PC2
350,GUARDA / FPOLIS VIA FORM/GUARDA/BR 101/EXP/I.SILV,ITI IDA - GUARDA / FPOLIS VIA,PC1
350,GUARDA / FPOLIS VIA FORM/GUARDA/BR 101/EXP/I.SILV,ITI VOLTA - FPOLIS/GUARDA VIA,PC2
352,GUARDA / FPOLIS VIA FORM/GUARDA/P.IMARUIM/IVO,ITI IDA - GUARDA / FPOLIS VIA,PC1
352,GUARDA / FPOLIS VIA FORM/GUARDA/P.IMARUIM/IVO,ITI VOLTA - FLORIANOPOLIS /,PC2
352,GUARDA / FPOLIS VIA FORM/GUARDA/P.IMARUIM/IVO,ITI VOLTA - FPOLIS / GUARDA,PC2
353,ALTO ARIRIU / PONTE DO IMARUIM,ITI IDA - ALTO ARIRIU / COLÉGIO,PC1
353,ALTO ARIRIU / PONTE DO IMARUIM,ITI IDA - ALTO ARIRIU / PONTE,PC1
353,ALTO ARIRIU / PONTE DO IMARUIM,ITI IDA - MORRO DOS QUADROS,PC1
353,ALTO ARIRIU / PONTE DO IMARUIM,ITI VOLTA - PONTE DO IAMRUIM,PC2
353,ALTO ARIRIU / PONTE DO IMARUIM,ITI VOLTA - PONTE DO IMARUIM,PC2
353,ALTO ARIRIU / PONTE DO IMARUIM,ITI VOLTA - PONTE IMARUIM /,PC2
354,FAZENDA JOMAR / FLORIANÓPOLIS,ITI IDA - GUARDA DO TABULEIRO,PC1
354,FAZENDA JOMAR / FLORIANÓPOLIS,ITI IDA - JOMAR / FPOLIS VIA,PC1
355,ARIRIU / FPOLIS VIA PONTE IMARUIM/IVO SILVEIRA,ITI IDA - ARIRIU /,PC1
355,ARIRIU / FPOLIS VIA PONTE IMARUIM/IVO SILVEIRA,ITI VOLTA - FLORIANÓPOLIS /,PC2
359,FORMIGA / FPOLIS VIA GUARDA/ARIRIU/P.IMAR/IVO SILV,ITI IDA - FORMIGA / FPOLIS VIA,PC1
359,FORMIGA / FPOLIS VIA GUARDA/ARIRIU/P.IMAR/IVO SILV,ITI VOLTA - FPOLIS / FORMIGA,PC2
359,FORMIGA / FPOLIS VIA GUARDA/ARIRIU/P.IMAR/IVO SILV,ITI VOLTA - FPOLIS / GUARDA,PC2
360,PACHECOS / FPOLIS VIA BR 101/EXP/IVO SILVEIRA,ITI IDA - PACHECOS /,PC1
361,BARRA /FPOLIS VIA R.GRANDE/PALHOÇA/BR 101/EXP,ITI VOLTA - FLORIANÓPOLIS /,PC2
362,BARRA /FPOLIS VIA PACHECOS/P.IMARUIM/I.SILVEIRA,ITI IDA - BARRA /,PC1
362,BARRA /FPOLIS VIA PACHECOS/P.IMARUIM/I.SILVEIRA,ITI VOLTA - FLORIANÓPOLIS /,PC2
366,BARRA / HOSPITAL REGIONAL VIA R.GRANDE/P.IMARUIM,ITI IDA - ENT. DO PACHECOS /,PC1
367,PCH / FPOLIS VIA PORTAL/VN/NPH/MIR/PH/BR/HR/IS,ITI IDA - PCH / FPOLIS VIA,PC1
368,STAR FIT / FPOLIS VIA PT/VN/NPH/MIR/BR 101/EXP/I.S,ITI IDA - STAR FIT / FPOLIS VIA,PC1
369,BARRA / FPOLIS VIA R.GRANDE/P.IMARUIM/I.SILVEIRA,ITI IDA - BARRA / FPOLIS VIA,PC1
369,BARRA / FPOLIS VIA R.GRANDE/P.IMARUIM/I.SILVEIRA,ITI VOLTA - FPOLIS / BARRA VIA,PC2
370,SÃO JOSÉ/ FLORIANÓPOLIS VIA IVO SILVEIRA,ITI IDA - SÃO JOSÉ /,PC1
370,SÃO JOSÉ/ FLORIANÓPOLIS VIA IVO SILVEIRA,ITI VOLTA - FLORIANÓPOLIS /,PC2
371,SÃO JOSÉ / FLORIANÓPOLIS VIA SENAI/IVO SILVEIRA,ITI IDA - SÃO JOSÉ /,PC1
371,SÃO JOSÉ / FLORIANÓPOLIS VIA SENAI/IVO SILVEIRA,ITI VOLTA - FLORIANÓPOLIS /,PC2
372,SAO JOSE / FPOLIS VIA PONTA DE BAIXO/IVO SILVEIRA,ITI IDA - SÃO JOSÉ / FPOLIS VIA,PC1
372,SAO JOSE / FPOLIS VIA PONTA DE BAIXO/IVO SILVEIRA,ITI VOLTA - FLORIANÓPOLIS /,PC2
380,NOVA PALHOÇA / FPOLIS VIA P.IMARUIM/S.JOSÉ/I.SILV,ITI IDA - NOVA PALHOÇA /,PC1
380,NOVA PALHOÇA / FPOLIS VIA P.IMARUIM/S.JOSÉ/I.SILV,ITI VOLTA - FLORIANÓPOLIS /,PC2
381,NOVA PALHOÇA / FPOLIS VIA P.IMAR/BR101/FAZ/IVO SIL,ITI IDA - NOVA PALHOÇA /,PC1
384,ARIRIU / FLORIANÓPOLIS - EXECUTIVO,ITI IDA - ARIRIU /,PC1
385,NOVA PALHOÇA / FPOLIS VIA BR 101/EXP/IVO SILVEIRA,ITI VOLTA - FLORIANÓPOLIS /,PC2
386,ESCOLA MUN / FPOLIS VIA PONTE IMARUIM/IVO,ITI IDA - ESCOLA MUNICIPAL DE,PC1
387,UPA B.VISTA / FPOLIS VIA PALHOÇA/BR 101/EXPRESSA,ITI IDA - UPA B.VISTA / FPOLIS,PC1
402,B.VISTA / P.IMARUIM (PRAÇA) VIA ELZA LUCCHI,ITI IDA - BELA VISTA / PONTE DO,PC1
403,BELA VISTA / PONTE DO IMARUIM (PRAÇA),ITI IDA - BELA VISTA / PONTE DO,PC1
403,BELA VISTA / PONTE DO IMARUIM (PRAÇA),ITI VOLTA - PAGANI (BISTEK) /,PC2
403,BELA VISTA / PONTE DO IMARUIM (PRAÇA),ITI VOLTA - PALHOÇA (CAIXA,PC2
403,BELA VISTA / PONTE DO IMARUIM (PRAÇA),ITI VOLTA - PALHOÇA / BELA,PC2
403,BELA VISTA / PONTE DO IMARUIM (PRAÇA),ITI VOLTA - PONTE DO,PC2
502,MORRO DO GATO / P.IMARUIM VIA P.VINTE/E.LUCHI,ITI IDA - MORRO DO GATO /,PC1
503,SÃO SEBASTIÃO / PALHOÇA (PRAÇA) VIA PASSA VINTE,ITI IDA - SÃO SEBASTIÃO /,PC1
503,SÃO SEBASTIÃO / PALHOÇA (PRAÇA) VIA PASSA VINTE,ITI VOLTA - PALHOÇA (CAIXA,PC2
543,PALHOCA OU P.IMARUIM / T.NOVA CIRCULAR VIA C.NOVO,ITI IDA - CLAUDETE / T.NOVA,PC1
543,PALHOCA OU P.IMARUIM / T.NOVA CIRCULAR VIA C.NOVO,ITI IDA - P.IMARUIM / T.NOVA,PC1
543,PALHOCA OU P.IMARUIM / T.NOVA CIRCULAR VIA C.NOVO,ITI IDA - PALHOCA / T.NOVA,PC1
620,CID UNIV CIRC VIA AQUARIUS/PALHOÇA/P.,ITI IDA - CIDADE UNIVERSITÁRIA,PC1
630,CIDADE UNIVERSITARIA / PONTE DO IMARUIM (PRACA),ITI IDA - SENAI (ELDORADO) /,PC1
630,CIDADE UNIVERSITARIA / PONTE DO IMARUIM (PRACA),ITI VOLTA - PALHOCA (MERCADO,PC2
630,CIDADE UNIVERSITARIA / PONTE DO IMARUIM (PRACA),ITI VOLTA - PONTE DO IMARUIM,PC2
720,PONTE DO IMARUIM CIRCULAR VIA CASQ/E.,ITI IDA - P. IMARUIM CIRC. VIA,PC1
1330,PALHOÇA / BIGUAÇU VIA SANTOS/B.VISTA/BR 101,ITI IDA - ENTRADA DO RIO,PC1
1330,PALHOÇA / BIGUAÇU VIA SANTOS/B.VISTA/BR 101,ITI IDA - NOVA PALHOÇA /,PC1
1330,PALHOÇA / BIGUAÇU VIA SANTOS/B.VISTA/BR 101,ITI VOLTA - BIGUAÇU / NOVA,PC2
1331,CD IMPERATRIZ / BIGUAÇU VIA BR 101,ITI IDA - CD IMPERATRIZ /,PC1
1331,CD IMPERATRIZ / BIGUAÇU VIA BR 101,ITI VOLTA - BIGUAÇU / CD,PC2
1332,PALHOÇA / BIGUAÇU VIA CENTRO PH/E.LUCHI/BR 101,ITI IDA - NOVA PALHOÇA /,PC1
1333,PALHOÇA / BIGUAÇU VIA MARGINAL BR 101 (EXECUTIVO),ITI IDA - NOVA PALHOÇA /,PC1
1333,PALHOÇA / BIGUAÇU VIA MARGINAL BR 101 (EXECUTIVO),ITI VOLTA - BIGUAÇU / NOVA,PC2
1334,PALHOÇA / BIGUAÇU VIA CID UNIV/BR 101 (EXECUTIVO),ITI IDA - NOVA PALHOÇA /,PC1
1334,PALHOÇA / BIGUAÇU VIA CID UNIV/BR 101 (EXECUTIVO),ITI VOLTA - BIGUAÇU / NOVA,PC2
2020,HOSPITAL REGIONAL / FLORIANOPOLIS VIA IVO,ITI IDA - HOSPITAL REGIONAL /,PC1
2020,HOSPITAL REGIONAL / FLORIANOPOLIS VIA IVO,ITI VOLTA - FLORIANÓPOLIS /,PC2
2030,PONTA DE BAIXO / FLORIANÓPOLIS VIA PANIFICADORA,ITI IDA - PONTA DE BAIXO /,PC1
2030,PONTA DE BAIXO / FLORIANÓPOLIS VIA PANIFICADORA,ITI VOLTA - FLORIANÓPOLIS /,PC2
2031,PONTA DE BAIXO / FLORIANÓPOLIS VIAMADEIREIRA,ITI IDA - PONTA DE BAIXO /,PC1
2031,PONTA DE BAIXO / FLORIANÓPOLIS VIAMADEIREIRA,ITI VOLTA - FLORIANÓPLIS /,PC2
2060,PONTE DO IMARUIM / FLORIANÓPOLIS,ITI - IDA - P. IMARUIM / FPOLIS,PC1
2060,PONTE DO IMARUIM / FLORIANÓPOLIS,ITI IDA - PONTE IMARUIM /,PC1
2060,PONTE DO IMARUIM / FLORIANÓPOLIS,ITI VOLTA - FLORIANÓPOLIS / P.,PC2
2410,M.GATO / FPOLIS VIA MADRI/AV. TORRES/BR 101/EXP,ITI IDA - MORRO DO GATO -,PC1
2411,S.SEB / FPOLIS VIA PV/AV TORRES/BR101/EXP,ITI VOLTA - FPOLIS / SÃO,PC2
2810,T.NOVA / FPOLIS VIA C.NOVO/BR101/EXPRESSA,ITI IDA - TERRA NOVA /,PC1
2811,C.NOVO / FPOLIS VIA T.NOVA/JARD/B.VISTA/P.IMA/I.SI,ITI IDA - C.NOVO / FPOLIS VIA T.,PC1
3032,GUARDA / PALHOÇA (PRAÇA) VIA ARIRIU,ITI - IDA - GUARDA / PALHOÇA,PC1
3033,FORMIGA / PONTE DO IMARUIM VIA GUARDA/ARIRIU,ITI IDA - ARIRIU FORMIGA /,PC1
3033,FORMIGA / PONTE DO IMARUIM VIA GUARDA/ARIRIU,ITI VOLTA - PONTE DO IMARUIM,PC2
3034,FORMIGA / COL CLAUDETE VIA GD/MQ/AZ/P.IMAR/E.,ITI IDA - FORMIGA - COLÉGIO,PC1
3034,FORMIGA / COL CLAUDETE VIA GD/MQ/AZ/P.IMAR/E.,ITI VOLTA - COLÉGIO CLAUDETE,PC2
3035,FORMIGA / P.IMARUIM VIA M.QUADROS/ARIRIU/A.,ITI IDA - ARIRIU FORMIGA /,PC1
3036,ARIRIU FORMIGA / COLÉGIO JOÃO SILVEIRA (ARIRIU),ITI IDA - ARIRIU FORMIGA /,PC1
3036,ARIRIU FORMIGA / COLÉGIO JOÃO SILVEIRA (ARIRIU),ITI VOLTA - COLÉGIO JOÃO,PC2
3037,FORMIGA / PALHOÇA VIA TABULEIRO/ARIRIU/A.ZACCHI,ITI IDA - ARIRIU FORMIGA /,PC1
3038,COLÉGIO JOÃO SILVEIRA (ARIRIU) / COLÉGIO DA,ITI IDA - COLÉGIO JOÃO,PC1
3232,GUARDA / P.IMARUIM VIA FORMIGA/ANICETO ZACCHI,ITI IDA - GUARDA / PONTE DO,PC1
3333,GUARDA / P.IMARUIM VIA GD TAB/ARIRIU/A.ZACCHI,ITI IDA - GUARDA DO CUBATAO /,PC1
3510,ARIRIU / FPOLIS VIA PALHOÇA/BR101/VIA EXP,ITI VOLTA - FLORIANÓPOLIS /,PC2
3511,ARIRIU / FPOLIS VIA PALHOÇA/BR 101/EXP/IVO SILV,ITI VOLTA - FPOLIS / ARIRIU VIA,PC2
3610,PACHECOS / FPOLIS VIA BR 101/HOSP REG/IVO,ITI IDA - PACHECOS /,PC1
3611,BARRA / FPOLIS VIA R.GRANDE/BR/HOSP REG/IVO SILV,ITI IDA - BARRA / FPOLIS VIA,PC1
3612,PACHECOS / FPOLIS VIA PORTAL/VN/MIR/BR/EXP/I.SILV,ITI IDA - PACHECOS / FPOLIS,PC1
3613,ENT V.NOVA / FPOLIS VIA,ITI IDA - ENTRADA VILA NOVA /,PC1
3614,BARRA / FPOLIS VIA LARANJ/RG/P.IMAR/IVO SILVEIRA,ITI VOLTA - FPOLIS / BARRA VIA,PC2
3615,BARRA / FPOLIS VIA R.GRANDE/BR 101/EXP/IVO SILV,ITI IDA - BARRA / FPOLIS VIA,PC1
3615,BARRA / FPOLIS VIA R.GRANDE/BR 101/EXP/IVO SILV,ITI VOLTA - FPOLIS / BARRA VIA,PC2
3616,BARRA / FPOLIS VIA PCH/MIRIAM/BR 101/HOSP/IVO,ITI IDA - BARRA / FPOLIS VIA,PC1
3617,ENT PCH / FPOLIS VIA PCH/RG/BR 101/HOSP REG/I.SILV,ITI IDA - ENT PACHECOS /,PC1
3618,BARRA / FPOLIS VIA PCH/V.NOVA/P.IMARUIM/I.,ITI VOLTA - FPOLIS / BARRA VIA,PC2
3619,BARRA / PRESIDENTE KENNEDY VIA R.GRANDE/P.,ITI VOLTA - PRESIDENTE,PC2
3620,BARRA / FPOLIS VIA PACHECOS/CENTRO PH/BR 101/EXP,ITI VOLTA - FPOLIS / BARRA VIA,PC2
4033,BELA VISTA / PALHOÇA VIA ESCOLA MUNICIPAL DE PH,ITI IDA - BELA VISTA / PALHOÇA,PC1
4033,BELA VISTA / PALHOÇA VIA ESCOLA MUNICIPAL DE PH,ITI VOLTA - ESCOLA MUNICIPAL,PC2
4034,B.VISTA / COL CLAUDETE VIA A.ZACCHI/P.IMARUIM,ITI IDA - BELA VISTA / COLÉGIO,PC1
4034,B.VISTA / COL CLAUDETE VIA A.ZACCHI/P.IMARUIM,ITI VOLTA - COLÉGIO CLAUDETE,PC2
4035,JAQUEIRA / PONTE IMARUIM VIA BELA VISTA/A.ZACCHI,ITI IDA - JAQUEIRA / PONTE,PC1
4035,JAQUEIRA / PONTE IMARUIM VIA BELA VISTA/A.ZACCHI,ITI VOLTA - PONTE DO,PC2
4036,JAQUEIRA / PALHOÇA (PRAÇA) VIA BELA VISTA/PORTAL,ITI IDA - JAQUEIRA / PALHOÇA,PC1
4037,B.VISTA / P.IMAR VIA JAQ/282/R.PARANÁ/B.VISTA/A.ZA,ITI IDA - BELA VISTA / P.,PC1
4038,BELA VISTA / PALHOÇA (PRAÇA),ITI IDA - BELA VISTA / PALHOÇA,PC1
4038,BELA VISTA / PALHOÇA (PRAÇA),ITI VOLTA - PALHOÇA (CAIXA,PC2
4039,JAQUEIRA / PALHOÇA (PRAÇA) VIA BELA VISTA,ITI IDA - JAQUEIRA / PALHOÇA,PC1
4039,JAQUEIRA / PALHOÇA (PRAÇA) VIA BELA VISTA,ITI VOLTA - PALHOÇA (CAIXA,PC2
5022,SÃO SEBASTIÃO / P.IMARUIM VIA MADRI/E.LUCHI,ITI IDA - SÃO SEBASTIÃO /,PC1
5023,MORRO DO GATO / PONTE IMARUIM VIA MADRI/ELZA,ITI IDA - MORRO DO GATO /,PC1
5032,MORRO DO GATO / P.IMARUIM VIA P.VINTE/A.ZACCHI,ITI IDA - MORRO DO,PC1
5032,MORRO DO GATO / P.IMARUIM VIA P.VINTE/A.ZACCHI,ITI VOLTA - PONTE DO,PC2
5033,MORRO DO GATO / PALHOÇA (PRAÇA) VIA MADRI,ITI - IDA - MORRO DO GATO /,PC1
5033,MORRO DO GATO / PALHOÇA (PRAÇA) VIA MADRI,ITI VOLTA - PALHOÇA / MORRO,PC2
5035,SÃO SEB / COL CLAUDETE VIA MADRI/A.ZACCHI/P.,ITI VOLTA - COLÉGIO CLAUDETE,PC2
5036,SÃO SEB / P.IMARUIM VIA PASSA VINTE/ANICETO,ITI IDA - SÃO SEBASTIÃO /,PC1
5036,SÃO SEB / P.IMARUIM VIA PASSA VINTE/ANICETO,ITI VOLTA - PONTE DO IMARUIM,PC2
5037,SÃO SEB / P.IMARUIM VIA MADRI/ANICETO ZACCHI,ITI IDA - SÃO SEBASTIÃO /,PC1
5037,SÃO SEB / P.IMARUIM VIA MADRI/ANICETO ZACCHI,ITI VOLTA - PONTE DO IMARUIM,PC2
5038,SÃO SEBAST / IFSC VIA MADRI/P.IMARUIM/J.AQUÁRIUS,ITI VOLTA - IFSC / SÃO,PC2
5039,SÃO SEBASTIÃO / PALHOÇA (PRAÇA) VIA MADRI,ITI IDA - SÃO SEBASTIÃO /,PC1
5039,SÃO SEBASTIÃO / PALHOÇA (PRAÇA) VIA MADRI,ITI VOLTA - PALHOÇA (CAIXA,PC2
6202,CID UNIV CIRC VIA AQU/PH/P.IMAR/SENAI/ELD/IFSC,ITI IDA - CID UNIV CIRC VIA,PC1
6203,CID UNIV CIRC VIA AQU/PH/P.IMAR/ELD/IFSC,ITI IDA - CID UNIV CIRC VIA,PC1
6204,ENT ELDORADO VIA ELD/CID UNIV/AQU/PH/P.IM/ELD,ITI IDA - ENTRADA DO,PC1
6205,IFSC CIRC VIA CID UNIV/AQU/PH/P.IMAR/SENAI/ELD,ITI IDA - IFSC CIRC VIA CID,PC1
6206,ENT ELD CIRC VIA ELD/CID UNIV/AQU/PH/P.IM/EL/TECNO,ITI IDA - ENT ELD CIRC VIA,PC1
6207,IFSC CIRC VIA CID UNIV/AQUÁRIUS/PH/P.,ITI IDA - IFSC CIRC VIA CID,PC1
6208,CID UNIV CIRC VIA AQU/PH/P.IMAR/ELD/TECNOPARK,ITI IDA - CID UNIV CIRC VIA,PC1
6209,CID UNIV CIRC VIA AQU/PH/P.IMAR/SENAI/ELDORADO,ITI IDA - CID UNIV CIRC VIA,PC1
6302,CID UNIVERSITÁRIA / PALHOÇA (PRAÇA) VIA ELZA LUCHI,ITI VOLTA - PALHOÇA (CAIXA,PC2
6303,IFSC / PALHOÇA (PRAÇA) VIA CID UNIV/PONTE IMARUIM,ITI VOLTA - PALHOÇA (CAIXA,PC2
6330,JARDIM ELDORADO / FLORIANÓPOLIS,ITI IDA - ENT DO,PC1
6340,SÃO JOSÉ / FLORIANÓPOLIS VIA EXPRESSA,ITI IDA - SÃO JOSÉ /,PC1
6350,NOVA PALHOÇA / FPOLIS VIA CENTRO PH/BR 101/EXP,ITI IDA - NOVA PALHOÇA /,PC1
6350,NOVA PALHOÇA / FPOLIS VIA CENTRO PH/BR 101/EXP,ITI VOLTA - FLORIANÓPOLIS /,PC2
6530,PEDRA BRANCA / FLORIANÓPOLIS,ITI IDA - PEDRA BRANCA /,PC1
6531,CID UNIV / FPOLIS VIA AQUÁRIUS/FAZENDA/IVO SILV,ITI IDA - CIDADE UNIVERSITÁRIA,PC1
6531,CID UNIV / FPOLIS VIA AQUÁRIUS/FAZENDA/IVO SILV,ITI VOLTA - FPOLIS / CIDADE,PC2
6750,ARIRIU FORMIGA / FPOLIS VIA GUARDA/ARIRIU/BR/EXP,ITI VOLTA - FPOLIS / FORMIGA,PC2
6751,FORMIGA / FPOLIS VIA GUARDA/BR101/EXP/IVO,ITI IDA - ARIRIU FORMIGA /,PC1
6752,GUARDA TABULEIRO / FPOLIS VIA FORM/BR/HR/IVO SILV,ITI IDA - GUARDA DO TABULEIRO,PC1
6753,FORMIGA / FPOLIS VIA GUARDA/ARIRIU/MARG BR/VIA,ITI VOLTA - FPOLIS / ARIRIU,PC2
6760,IRINEU COMELLI / FLORIANÓPOLIS,ITI IDA - IRINEU COMELLI /,PC1
7150,JARDIM AQUÁRIUS / FLORIANÓPOLIS,ITI - IDA - JARDIM AQUÁRIUS /,PC1
7160,JAQUEIRA / FPOLIS VIA B.VISTA/P.IMARUIM/IVO SILV,ITI IDA - JAQUEIRA / FPOLIS VIA,PC1
7161,B.VISTA / FPOLIS VIA PONTE DO IMARUIM/IVO SILVEIRA,ITI IDA - BELA VISTA /,PC1
7161,B.VISTA / FPOLIS VIA PONTE DO IMARUIM/IVO SILVEIRA,ITI VOLTA - FLORIANÓPOLIS /,PC2
7620,HOSPITAL REGIONAL / FPOLIS VIA EXPRESSA,ITI IDA - HOSPITAL REGIONAL /,PC1
7620,HOSPITAL REGIONAL / FPOLIS VIA EXPRESSA,ITI VOLTA - FLORIANÓPOLIS /,PC2
10160,FPOLIS / A.IND VIA IVO SILV/P.COMPRIDA/MARG BR,ITI IDA- FLORIANÓPOLIS / ÁREA,PC1
11120,ENSEADA / FPOLIS VIA PONTE DO IMARUIM/IVO,ITI IDA - ENSEADA / FPOLIS VIA,PC1
11120,ENSEADA / FPOLIS VIA PONTE DO IMARUIM/IVO,ITI VOLTA - FLORIANÓPOLIS /,PC2
11140,VIAD MACIAMBU / FPOLIS VIA PINHEIRA/P.IMARUIM,ITI IDA - VIAD MACIAMBU/,PC1
11140,VIAD MACIAMBU / FPOLIS VIA PINHEIRA/P.IMARUIM,ITI VOLTA - FPOLIS / VIAD,PC2
11150,ENSEADA / FPOLIS VIA BR 101/EXPRESSA/IVO SILVEIRA,ITI IDA - ENSEADA /,PC1
11290,B.VISTA / SHOP CONT VIA CENTRO PH/P.IMARUIM/BR,ITI IDA - BELA VISTA /,PC1
11290,B.VISTA / SHOP CONT VIA CENTRO PH/P.IMARUIM/BR,ITI VOLTA - SHOP CONT / BELA,PC2
11290,B.VISTA / SHOP CONT VIA CENTRO PH/P.IMARUIM/BR,ITI VOLTA - SHOPPING,PC2
11310,T. NOVA / SHOP CONT VIA C. NOVO/A.ZACCHI/P.,ITI VOLTA - SHOPPING,PC2
11320,BARRA / SHOP CONT VIA PCH/VN/N PH/MIR/P.IMAR/BR,ITI VOLTA - SHOP CONT / BARRA,PC2
11330,SÃO SEB / SHOP CONT VIA MADRI/P.IMAR/COL,ITI IDA - MORRO DO GATO /,PC1
11330,SÃO SEB / SHOP CONT VIA MADRI/P.IMAR/COL,ITI VOLTA - SHOPPING,PC2
11340,FORMIGA / SHOP CONT VIA GUARDA/M.QUADROS/P.,ITI IDA - FORMIGA / SHOPPING,PC1
11350,CID UNIV CIRC VIA AQU/PH/P.IMAR/SHOP CONT/ELD,ITI IDA - CID UNIV CIRC VIA,PC1
11350,CID UNIV CIRC VIA AQU/PH/P.IMAR/SHOP CONT/ELD,ITI IDA - ENT ELDORADO CIRC,PC1
11360,VIAD MAC / SHOP CONT VIA GD/PINHEIRA/PSONHO/P.,ITI IDA - VIAD MAC / SHOP CONT,PC1
11360,VIAD MAC / SHOP CONT VIA GD/PINHEIRA/PSONHO/P.,ITI VOLTA - SHOP CONT / VIAD,PC2
11361,VIAD MAC / SHOP CONT VIA GD/PIN/PS/ENS (IGREJA),ITI IDA - VIAD MAC / SHOP CONT,PC1
11362,VIAD MAC / SHOP CONT VIA BR 101/PH/PI,ITI VOLTA - SHOP CONT / VIAD,PC2
11370,ENSEADA / SHOP CONTINENTE VIA MARIV/P.IMAR,ITI IDA - ENSEADA / SHOPPING,PC1
11370,ENSEADA / SHOP CONTINENTE VIA MARIV/P.IMAR,ITI VOLTA - SHOPPING,PC2
11371,ENSEADA / SHOP CONTINENTE VIA MARV/PONTAL/P.,ITI IDA - ENSEADA / SHOPPING,PC1
40310,B.VISTA / PALHOÇA (PRAÇA) VIA JAQUEIRA/UPA,ITI VOLTA - PALHOÇA (CAIXA,PC2
40311,B.VISTA / P.IMARUIM VIA ESCOLA MUNICIPAL/A.ZACCHI,ITI IDA - BELA VISTA / PONTE DO,PC1
50310,SÃO SEBASTIÃO / P.IMARUIM VIA P.VINTE/PREFEITURA,ITI VOLTA - PONTE DO IMARUIM,PC2
50312,MORRO DO GATO / PALHOÇA (PRAÇA) VIA PASSA VINTE,ITI IDA - MORRO DO GATO /,PC1
50312,MORRO DO GATO / PALHOÇA (PRAÇA) VIA PASSA VINTE,ITI VOLTA - PALHOÇA / MORRO,PC2
50313,MORRO DO GATO / P.IMARUIM VIA MADRI/ANICETO,ITI IDA - MORRO DO GATO /,PC1
50314,PEDRA BRANCA / PALHOÇA (PRAÇA) VIA PASSA VINTE,ITI IDA - PEDRA BRANCA /,PC1
50314,PEDRA BRANCA / PALHOÇA (PRAÇA) VIA PASSA VINTE,ITI VOLTA - PALHOÇA / PEDRA,PC2
62010,IFSC CIRC VIA CID,ITI IDA - IFSC CIRC VIA CID,PC1
62011,IFSC CIRC VIA CID/AQU/PH/P.IMAR/ELD/CID/IFSC,ITI - IDA - IFSC CIRC VIA,PC1
62012,ENT ELD CIRC VIA ELD/CID UNIV/AQU/PH/P.,ITI IDA - ENT ELD CIRC VIA,PC1
62013,ENT ELD CIRC VIA,ITI IDA - ENT ELD CIRC VIA,PC1
62014,ENT ELD CIRC VIA ELD/CID/AQU/PH/P.IM/ELD/IFSC,ITI - IDA - ENT ELD CIRC VIA,PC1
65312,ENT ELDORADO / FPOLIS VIA AQUÁRIUS/FAZENDA/IVO,ITI IDA - ENT ELDORADO /,PC1
65313,ENT ELD / FPOLIS VIA IFSC/CID UNIV/AQU/FAZ/IVO SIL,ITI IDA - ENT ELDORADO /,PC1
65314,IFSC / FPOLIS VIA CID UNIV/AQU/FAZENDA/IVO SILV,ITI IDA - IFSC / FLORIANÓPOLIS,PC1
65314,IFSC / FPOLIS VIA CID UNIV/AQU/FAZENDA/IVO SILV,ITI VOLTA - FPOLIS / IFSC VIA,PC2
65315,IFSC / FPOLIS VIA CID UNIV/TECNO/AQU/FAZ/IVO SILV,ITI VOLTA - FLORIANÓPOLIS /,PC2
65316,CID UNIV / FPOLIS VIA AQU/FAZ/P.BAIXO/IVO SILVEIRA,ITI VOLTA - FPOLIS / IFSC VIA,PC2
71602,JAQUEIRA / FPOLIS VIA JARD/B.VISTA/BR/HR/I.SILV,ITI IDA - JAQUEIRA / FPOLIS VIA,PC1
71603,JAQUEIRA / FPOLIS VIA JARD/B/VISTA/P.IMAR/IVO SILV,ITI IDA - JAQUEIRA / FPOLIS VIA,PC1
71612,B.VISTA / FPOLIS VIA PORTAL/BR/HOSP REG/IVO SILV,ITI IDA - BELA VISTA /,PC1
71613,B.VISTA / FPOLIS VIA CENTRO PH/BR 101/EXP/IVO SILV,ITI IDA - BELA VISTA / FPOLIS,PC1
71614,B.VISTA / FPOLIS VIA PORTAL/BR101/VIA EXP/IVO SILV,ITI IDA - BELA VISTA /,PC1
71615,BELA VISTA / FPOLIS VIA CENTRO PH/BR 101/VIA EXP,ITI VOLTA - FPOLIS / BELA VISTA,PC2
71616,B.VISTA / FPOLIS VIA JAQUEIRA/P.IMAR/S.JOSE/I.SILV,ITI VOLTA - FLORIANÓPOLIS /,PC2
71617,BELA VISTA / FPOLIS VIA BR 101/HOSP REG/IVO SILV,ITI IDA - BELA VISTA /,PC1
71618,B.VISTA / FPOLIS VIA UPA/CENT PH/BR 101/EXP/I.SILV,ITI IDA - BELA VISTA / FPOLIS,PC1
71619,BELA VISTA / FPOLIS VIA MARG BR 101/EXP/IVO SILV,ITI IDA - BELA VISTA /,PC1
71619,BELA VISTA / FPOLIS VIA MARG BR 101/EXP/IVO SILV,ITI VOLTA - FPOLIS / BELA VISTA,PC2
113001,BARRA / SHOP CONTINENTE VIA RIO,ITI VOLTA - SHOP CONTINENTE /,PC2
716110,B.VISTA / FPOLIS VIA CENTRO PH/BR/HOSP/IVO SILV,ITI IDA - BELA VISTA / FPOLIS,PC1
716111,B.VISTA / FPOLIS VIA BR 101/VIA EXPRESSA (DIRETO),ITI IDA - BELA VISTA /,PC1
716112,B.VISTA / FPOLIS VIA MARGINAL BR 101/VIA,ITI IDA - BELA VISTA /,PC1
716113,BELA VISTA / FLORIANÓPOLIS EXECUTIVO,ITI IDA - BELA VISTA / FPOLIS,PC1
716113,BELA VISTA / FLORIANÓPOLIS EXECUTIVO,ITI VOLTA - FPOLIS / BELA VISTA,PC2
716115,B.VISTA / FPOLIS VIA PORTAL/P.IMAR/S.JOSÉ/IVO,ITI IDA - BELA VISTA / FPOLIS,PC1
